<?xml version='1.0' encoding='UTF-8' ?>
<timeLogEntries>
  <time id="1" path="/No Proyecto/LuisFelipeGomez_Lab2/Planning" start="@1567868508456" delta="33" />
  <time id="2" path="/No Proyecto/LuisFelipeGomez_Lab2/Planning" start="@1567872175808" delta="22" interrupt="2" />
  <time id="3" path="/No Proyecto/LuisFelipeGomez_Lab2/Planning" start="@1567883482613" delta="85" />
  <time id="4" path="/No Proyecto/LuisFelipeGomez_Lab2/Planning" start="@1567891496962" delta="37" />
  <time id="5" path="/No Proyecto/LuisFelipeGomez_Lab2/Planning" start="@1568484743739" delta="13" />
  <time id="6" path="/No Proyecto/LuisFelipeGomez_Lab2/Design" start="@1568485562849" delta="104" />
  <time id="7" path="/No Proyecto/LuisFelipeGomez_Lab2/Code" start="@1568492046267" delta="65" />
  <time id="8" path="/No Proyecto/LuisFelipeGomez_Lab2/Code" start="@1568502384936" delta="128" interrupt="2" />
  <time id="9" path="/No Proyecto/LuisFelipeGomez_Lab2/Code" start="@1568510751498" delta="29" interrupt="2" />
  <time id="10" path="/No Proyecto/LuisFelipeGomez_Lab2/Code" start="@1568517166934" delta="5" />
  <time id="11" path="/No Proyecto/LuisFelipeGomez_Lab2/Design" start="@1568517478355" delta="18" />
  <time id="12" path="/No Proyecto/LuisFelipeGomez_Lab2/Design" start="@1568520304438" delta="54" />
  <time id="13" path="/No Proyecto/LuisFelipeGomez_Lab2/Code" start="@1568523553558" delta="9" />
  <time id="14" path="/No Proyecto/LuisFelipeGomez_Lab2/Code" start="@1568565642223" delta="16" />
</timeLogEntries>
